Timestamp,Temperature °C,Fahrenheit °F,Humidity %
2025-02-13 15:31:17,22.00, 71.60, 43.00
2025-02-13 15:31:19,22.00, 71.60, 43.00
2025-02-13 15:31:21,22.00, 71.60, 43.00
2025-02-13 15:31:23,22.00, 71.60, 42.00
2025-02-13 15:31:25,22.00, 71.60, 43.00
2025-02-13 15:31:27,22.00, 71.60, 42.00
2025-02-13 15:31:29,22.00, 71.60, 42.00
2025-02-13 15:31:31,22.00, 71.60, 42.00
2025-02-13 15:31:33,22.00, 71.60, 42.00
2025-02-13 15:31:35,22.00, 71.60, 42.00
2025-02-13 15:31:37,22.00, 71.60, 42.00
2025-02-13 15:31:39,22.00, 71.60, 42.00
2025-02-13 15:31:41,22.00, 71.60, 42.00
2025-02-13 15:31:44,22.00, 71.60, 42.00
2025-02-13 15:31:46,22.00, 71.60, 42.00
2025-02-13 15:31:48,22.00, 71.60, 43.00
2025-02-13 15:31:50,22.00, 71.60, 42.00
2025-02-13 15:31:52,22.00, 71.60, 43.00
2025-02-13 15:31:54,22.00, 71.60, 42.00
2025-02-13 15:31:56,22.00, 71.60, 43.00
2025-02-13 15:31:58,22.00, 71.60, 42.00
2025-02-13 15:32:00,22.00, 71.60, 43.00
2025-02-13 15:32:02,22.00, 71.60, 42.00
2025-02-13 15:32:04,22.00, 71.60, 43.00
2025-02-13 15:32:06,22.00, 71.60, 42.00
2025-02-13 15:32:08,22.00, 71.60, 42.00
2025-02-13 15:32:10,22.00, 71.60, 42.00
2025-02-13 15:32:12,22.00, 71.60, 42.00
2025-02-13 15:32:14,22.00, 71.60, 42.00
2025-02-13 15:32:16,22.00, 71.60, 42.00
2025-02-13 15:32:18,22.00, 71.60, 42.00
2025-02-13 15:32:20,22.00, 71.60, 42.00
2025-02-13 15:32:22,22.00, 71.60, 42.00
2025-02-13 15:32:24,22.00, 71.60, 42.00
2025-02-13 15:32:26,22.00, 71.60, 42.00
2025-02-13 15:32:28,22.00, 71.60, 42.00
2025-02-13 15:32:30,22.00, 71.60, 42.00
2025-02-13 15:32:32,22.00, 71.60, 42.00
2025-02-13 15:32:34,22.00, 71.60, 42.00
2025-02-13 15:32:36,22.00, 71.60, 43.00
2025-02-13 15:32:38,22.00, 71.60, 42.00
2025-02-13 15:32:40,22.00, 71.60, 42.00
2025-02-13 15:32:42,22.00, 71.60, 42.00
2025-02-13 15:32:44,22.00, 71.60, 42.00
2025-02-13 15:32:46,22.00, 71.60, 42.00
2025-02-13 15:32:48,22.00, 71.60, 42.00
2025-02-13 15:32:50,22.00, 71.60, 42.00
2025-02-13 15:32:52,22.00, 71.60, 43.00
2025-02-13 15:32:54,22.00, 71.60, 42.00
2025-02-13 15:32:56,22.00, 71.60, 43.00
2025-02-13 15:32:58,22.00, 71.60, 43.00
2025-02-13 15:33:00,22.00, 71.60, 42.00
2025-02-13 15:33:02,22.00, 71.60, 43.00
2025-02-13 15:33:05,22.00, 71.60, 42.00
2025-02-13 15:33:07,22.00, 71.60, 43.00
2025-02-13 15:33:09,22.00, 71.60, 43.00
2025-02-13 15:33:11,22.00, 71.60, 43.00
2025-02-13 15:33:13,22.00, 71.60, 43.00
2025-02-13 15:33:15,22.00, 71.60, 43.00
2025-02-13 15:33:17,22.00, 71.60, 43.00
2025-02-13 15:33:19,22.00, 71.60, 43.00
2025-02-13 15:33:21,22.00, 71.60, 43.00
2025-02-13 15:33:23,22.00, 71.60, 43.00
2025-02-13 15:33:25,22.00, 71.60, 43.00
2025-02-13 15:33:27,22.00, 71.60, 43.00
2025-02-13 15:33:29,22.00, 71.60, 43.00
2025-02-13 15:33:31,22.00, 71.60, 43.00
2025-02-13 15:33:33,22.00, 71.60, 43.00
2025-02-13 15:33:35,22.00, 71.60, 42.00
2025-02-13 15:33:37,22.00, 71.60, 43.00
2025-02-13 15:33:39,22.00, 71.60, 42.00
2025-02-13 15:33:41,22.00, 71.60, 42.00
2025-02-13 15:33:43,22.00, 71.60, 42.00
2025-02-13 15:33:45,22.00, 71.60, 42.00
2025-02-13 15:33:47,22.00, 71.60, 42.00
2025-02-13 15:33:49,22.00, 71.60, 42.00
2025-02-13 15:33:51,22.00, 71.60, 43.00
2025-02-13 15:33:53,22.00, 71.60, 42.00
2025-02-13 15:33:55,22.00, 71.60, 42.00
2025-02-13 15:33:57,22.00, 71.60, 42.00
2025-02-13 15:33:59,22.00, 71.60, 42.00
2025-02-13 15:34:01,22.00, 71.60, 42.00
2025-02-13 15:34:03,22.00, 71.60, 43.00
2025-02-13 15:34:05,22.00, 71.60, 43.00
2025-02-13 15:34:07,22.00, 71.60, 43.00
2025-02-13 15:34:09,22.00, 71.60, 43.00
2025-02-13 15:34:11,22.00, 71.60, 43.00
2025-02-13 15:34:13,22.00, 71.60, 43.00
2025-02-13 15:34:15,22.00, 71.60, 43.00
2025-02-13 15:34:17,22.00, 71.60, 43.00
2025-02-13 15:34:19,22.00, 71.60, 43.00
2025-02-13 15:34:21,22.00, 71.60, 43.00
2025-02-13 15:34:23,22.00, 71.60, 43.00
2025-02-13 15:34:26,22.00, 71.60, 43.00
2025-02-13 15:34:28,22.00, 71.60, 43.00
2025-02-13 15:34:30,22.00, 71.60, 43.00
2025-02-13 15:34:32,22.00, 71.60, 43.00
2025-02-13 15:34:34,22.00, 71.60, 43.00
2025-02-13 15:34:36,22.00, 71.60, 43.00
2025-02-13 15:34:38,22.00, 71.60, 43.00
2025-02-13 15:34:40,22.00, 71.60, 43.00
2025-02-13 15:34:42,22.00, 71.60, 43.00
2025-02-13 15:34:44,22.00, 71.60, 43.00
2025-02-13 15:34:46,22.00, 71.60, 43.00
2025-02-13 15:34:48,22.00, 71.60, 43.00
2025-02-13 15:34:50,22.00, 71.60, 43.00
2025-02-13 15:34:52,22.00, 71.60, 42.00
2025-02-13 15:34:54,22.00, 71.60, 43.00
2025-02-13 15:34:56,22.00, 71.60, 43.00
2025-02-13 15:34:58,22.00, 71.60, 43.00
2025-02-13 15:35:00,22.00, 71.60, 42.00
2025-02-13 15:35:02,22.00, 71.60, 42.00
2025-02-13 15:35:04,22.00, 71.60, 42.00
2025-02-13 15:35:06,22.00, 71.60, 42.00
2025-02-13 15:35:08,22.00, 71.60, 43.00
2025-02-13 15:35:10,22.00, 71.60, 43.00
2025-02-13 15:35:12,22.00, 71.60, 43.00
2025-02-13 15:35:14,22.00, 71.60, 43.00
2025-02-13 15:35:16,22.00, 71.60, 43.00
2025-02-13 15:35:18,22.00, 71.60, 43.00
2025-02-13 15:35:20,22.00, 71.60, 43.00
2025-02-13 15:35:22,22.00, 71.60, 43.00
2025-02-13 15:35:24,22.00, 71.60, 43.00
2025-02-13 15:35:26,22.00, 71.60, 42.00
2025-02-13 15:35:28,22.00, 71.60, 43.00
2025-02-13 15:35:30,22.00, 71.60, 43.00
2025-02-13 15:35:32,22.00, 71.60, 43.00
2025-02-13 15:35:34,22.00, 71.60, 43.00
2025-02-13 15:35:36,22.00, 71.60, 43.00
2025-02-13 15:35:38,22.00, 71.60, 43.00
2025-02-13 15:35:40,22.00, 71.60, 42.00
2025-02-13 15:35:42,22.00, 71.60, 43.00
2025-02-13 15:35:44,22.00, 71.60, 42.00
2025-02-13 15:35:47,22.00, 71.60, 43.00
2025-02-13 15:35:49,22.00, 71.60, 42.00
2025-02-13 15:35:51,22.00, 71.60, 43.00
2025-02-13 15:35:53,22.00, 71.60, 43.00
2025-02-13 15:35:55,22.00, 71.60, 43.00
2025-02-13 15:35:57,22.00, 71.60, 42.00
2025-02-13 15:35:59,22.00, 71.60, 42.00
2025-02-13 15:36:01,22.00, 71.60, 42.00
2025-02-13 15:36:03,22.00, 71.60, 42.00
2025-02-13 15:36:05,22.00, 71.60, 43.00
2025-02-13 15:36:07,22.00, 71.60, 43.00
2025-02-13 15:36:09,22.00, 71.60, 43.00
2025-02-13 15:36:11,22.00, 71.60, 43.00
2025-02-13 15:36:13,22.00, 71.60, 43.00
2025-02-13 15:36:15,22.00, 71.60, 43.00
2025-02-13 15:36:17,22.00, 71.60, 43.00
2025-02-13 15:36:19,22.00, 71.60, 43.00
2025-02-13 15:36:21,22.00, 71.60, 43.00
2025-02-13 15:36:23,22.00, 71.60, 43.00
2025-02-13 15:36:25,22.00, 71.60, 43.00
2025-02-13 15:36:27,22.00, 71.60, 43.00
2025-02-13 15:36:29,22.00, 71.60, 43.00
2025-02-13 15:36:31,22.00, 71.60, 43.00
2025-02-13 15:36:33,22.00, 71.60, 43.00
2025-02-13 15:36:35,22.00, 71.60, 43.00
2025-02-13 15:36:37,22.00, 71.60, 42.00
2025-02-13 15:36:39,22.00, 71.60, 43.00
2025-02-13 15:36:41,22.00, 71.60, 43.00
2025-02-13 15:36:43,22.00, 71.60, 43.00
2025-02-13 15:36:45,22.00, 71.60, 43.00
2025-02-13 15:36:47,22.00, 71.60, 43.00
2025-02-13 15:36:49,22.00, 71.60, 43.00
2025-02-13 15:36:51,22.00, 71.60, 42.00
2025-02-13 15:36:53,22.00, 71.60, 42.00
2025-02-13 15:36:55,22.00, 71.60, 43.00
2025-02-13 15:36:57,22.00, 71.60, 43.00
2025-02-13 15:36:59,22.00, 71.60, 43.00
2025-02-13 15:37:01,22.00, 71.60, 43.00
2025-02-13 15:37:03,22.00, 71.60, 43.00
2025-02-13 15:37:05,22.00, 71.60, 43.00
2025-02-13 15:37:08,22.00, 71.60, 43.00
2025-02-13 15:37:10,22.00, 71.60, 43.00
2025-02-13 15:37:12,22.00, 71.60, 43.00
2025-02-13 15:37:14,22.00, 71.60, 43.00
2025-02-13 15:37:16,22.00, 71.60, 43.00
2025-02-13 15:37:18,22.00, 71.60, 43.00
2025-02-13 15:37:20,22.00, 71.60, 43.00
2025-02-13 15:37:22,22.00, 71.60, 42.00
2025-02-13 15:37:24,22.00, 71.60, 43.00
2025-02-13 15:37:26,22.00, 71.60, 42.00
2025-02-13 15:37:28,22.00, 71.60, 42.00
2025-02-13 15:37:30,22.00, 71.60, 43.00
2025-02-13 15:37:32,22.00, 71.60, 43.00
2025-02-13 15:37:34,22.00, 71.60, 43.00
2025-02-13 15:37:36,22.00, 71.60, 43.00
2025-02-13 15:37:38,22.00, 71.60, 43.00
2025-02-13 15:37:40,22.00, 71.60, 43.00
2025-02-13 15:37:42,22.00, 71.60, 43.00
2025-02-13 15:37:44,22.00, 71.60, 43.00
2025-02-13 15:37:46,22.00, 71.60, 43.00
2025-02-13 15:37:48,22.00, 71.60, 43.00
2025-02-13 15:37:50,22.00, 71.60, 43.00
2025-02-13 15:37:52,22.00, 71.60, 43.00
2025-02-13 15:37:54,22.00, 71.60, 43.00
2025-02-13 15:37:56,22.00, 71.60, 42.00
2025-02-13 15:37:58,22.00, 71.60, 42.00
2025-02-13 15:38:00,22.00, 71.60, 42.00
2025-02-13 15:38:02,22.00, 71.60, 42.00
2025-02-13 15:38:04,22.00, 71.60, 43.00
2025-02-13 15:38:06,22.00, 71.60, 43.00
2025-02-13 15:38:08,22.00, 71.60, 43.00
2025-02-13 15:38:10,22.00, 71.60, 43.00
2025-02-13 15:38:12,22.00, 71.60, 43.00
2025-02-13 15:38:14,22.00, 71.60, 43.00
2025-02-13 15:38:16,22.00, 71.60, 43.00
2025-02-13 15:38:18,22.00, 71.60, 43.00
2025-02-13 15:38:20,22.00, 71.60, 43.00
2025-02-13 15:38:22,22.00, 71.60, 43.00
2025-02-13 15:38:24,22.00, 71.60, 43.00
2025-02-13 15:38:26,22.00, 71.60, 43.00
2025-02-13 15:38:29,22.00, 71.60, 43.00
2025-02-13 15:38:31,22.00, 71.60, 43.00
2025-02-13 15:38:33,22.00, 71.60, 43.00
2025-02-13 15:38:35,22.00, 71.60, 43.00
2025-02-13 15:38:37,22.00, 71.60, 43.00
2025-02-13 15:38:39,22.00, 71.60, 43.00
2025-02-13 15:38:41,22.00, 71.60, 43.00
2025-02-13 15:38:43,22.00, 71.60, 43.00
2025-02-13 15:38:45,22.00, 71.60, 43.00
2025-02-13 15:38:47,22.00, 71.60, 42.00
2025-02-13 15:38:49,22.00, 71.60, 42.00
2025-02-13 15:38:51,22.00, 71.60, 43.00
2025-02-13 15:38:53,22.00, 71.60, 42.00
2025-02-13 15:38:55,22.00, 71.60, 43.00
2025-02-13 15:38:57,22.00, 71.60, 42.00
2025-02-13 15:38:59,22.00, 71.60, 42.00
2025-02-13 15:39:01,22.00, 71.60, 42.00
2025-02-13 15:39:03,22.00, 71.60, 42.00
2025-02-13 15:39:05,22.00, 71.60, 42.00
2025-02-13 15:39:07,22.00, 71.60, 42.00
2025-02-13 15:39:09,22.00, 71.60, 42.00
2025-02-13 15:39:11,22.00, 71.60, 42.00
2025-02-13 15:39:13,22.00, 71.60, 43.00
2025-02-13 15:39:15,22.00, 71.60, 42.00
2025-02-13 15:39:17,22.00, 71.60, 42.00
2025-02-13 15:39:19,22.00, 71.60, 42.00
2025-02-13 15:39:21,22.00, 71.60, 43.00
2025-02-13 15:39:23,22.00, 71.60, 42.00
2025-02-13 15:39:25,22.00, 71.60, 43.00
2025-02-13 15:39:27,22.00, 71.60, 42.00
2025-02-13 15:39:29,22.00, 71.60, 42.00
2025-02-13 15:39:31,22.00, 71.60, 43.00
2025-02-13 15:39:33,22.00, 71.60, 43.00
2025-02-13 15:39:35,22.00, 71.60, 43.00
2025-02-13 15:39:37,22.00, 71.60, 43.00
2025-02-13 15:39:39,22.00, 71.60, 43.00
2025-02-13 15:39:41,22.00, 71.60, 43.00
2025-02-13 15:39:43,22.00, 71.60, 43.00
2025-02-13 15:39:45,22.00, 71.60, 43.00
2025-02-13 15:39:47,22.00, 71.60, 43.00
2025-02-13 15:39:50,22.00, 71.60, 43.00
2025-02-13 15:39:52,22.00, 71.60, 43.00
2025-02-13 15:39:54,22.00, 71.60, 43.00
2025-02-13 15:39:56,22.00, 71.60, 43.00
2025-02-13 15:39:58,22.00, 71.60, 42.00
2025-02-13 15:40:00,22.00, 71.60, 42.00
2025-02-13 15:40:02,22.00, 71.60, 43.00
2025-02-13 15:40:04,22.00, 71.60, 42.00
2025-02-13 15:40:06,22.00, 71.60, 43.00
2025-02-13 15:40:08,22.00, 71.60, 43.00
2025-02-13 15:40:10,22.00, 71.60, 43.00
2025-02-13 15:40:12,22.00, 71.60, 42.00
2025-02-13 15:40:14,22.00, 71.60, 43.00
2025-02-13 15:40:16,22.00, 71.60, 43.00
2025-02-13 15:40:18,22.00, 71.60, 43.00
2025-02-13 15:40:20,22.00, 71.60, 43.00
2025-02-13 15:40:22,22.00, 71.60, 43.00
2025-02-13 15:40:24,22.00, 71.60, 43.00
2025-02-13 15:40:26,22.00, 71.60, 43.00
2025-02-13 15:40:28,22.00, 71.60, 43.00
2025-02-13 15:40:30,22.00, 71.60, 43.00
2025-02-13 15:40:32,22.00, 71.60, 43.00
2025-02-13 15:40:34,22.00, 71.60, 43.00
2025-02-13 15:40:36,22.00, 71.60, 43.00
2025-02-13 15:40:38,22.00, 71.60, 43.00
2025-02-13 15:40:40,22.00, 71.60, 43.00
2025-02-13 15:40:42,22.00, 71.60, 43.00
2025-02-13 15:40:44,22.00, 71.60, 43.00
2025-02-13 15:40:46,22.00, 71.60, 43.00
2025-02-13 15:40:48,22.00, 71.60, 43.00
2025-02-13 15:40:50,22.00, 71.60, 43.00
2025-02-13 15:40:52,22.00, 71.60, 43.00
2025-02-13 15:40:54,22.00, 71.60, 43.00
2025-02-13 15:40:56,22.00, 71.60, 43.00
2025-02-13 15:40:58,22.00, 71.60, 43.00
2025-02-13 15:41:00,22.00, 71.60, 43.00
2025-02-13 15:41:02,22.00, 71.60, 43.00
2025-02-13 15:41:04,22.00, 71.60, 43.00
2025-02-13 15:41:06,22.00, 71.60, 42.00
2025-02-13 15:41:08,22.00, 71.60, 42.00
2025-02-13 15:41:11,22.00, 71.60, 42.00
2025-02-13 15:41:13,22.00, 71.60, 42.00
2025-02-13 15:41:15,22.00, 71.60, 42.00
2025-02-13 15:41:17,22.00, 71.60, 43.00
2025-02-13 15:41:19,22.00, 71.60, 43.00
2025-02-13 15:41:21,22.00, 71.60, 43.00
2025-02-13 15:41:23,22.00, 71.60, 43.00
2025-02-13 15:41:25,22.00, 71.60, 43.00
2025-02-13 15:41:27,22.00, 71.60, 43.00
2025-02-13 15:41:29,22.00, 71.60, 43.00
2025-02-13 15:41:31,22.00, 71.60, 43.00
2025-02-13 15:41:33,22.00, 71.60, 43.00
2025-02-13 15:41:35,22.00, 71.60, 43.00
2025-02-13 15:41:37,22.00, 71.60, 43.00
2025-02-13 15:41:39,22.00, 71.60, 43.00
2025-02-13 15:41:41,22.00, 71.60, 43.00
2025-02-13 15:41:43,22.00, 71.60, 43.00
2025-02-13 15:41:45,22.00, 71.60, 43.00
2025-02-13 15:41:47,22.00, 71.60, 42.00
2025-02-13 15:41:49,22.00, 71.60, 42.00
2025-02-13 15:41:51,22.00, 71.60, 42.00
2025-02-13 15:41:53,22.00, 71.60, 42.00
2025-02-13 15:41:55,22.00, 71.60, 42.00
2025-02-13 15:41:57,22.00, 71.60, 43.00
2025-02-13 15:41:59,22.00, 71.60, 42.00
2025-02-13 15:42:01,22.00, 71.60, 42.00
2025-02-13 15:42:03,22.00, 71.60, 43.00
2025-02-13 15:42:05,22.00, 71.60, 43.00
2025-02-13 15:42:07,22.00, 71.60, 43.00
2025-02-13 15:42:09,22.00, 71.60, 43.00
2025-02-13 15:42:11,22.00, 71.60, 43.00
2025-02-13 15:42:13,22.00, 71.60, 43.00
2025-02-13 15:42:15,22.00, 71.60, 43.00
2025-02-13 15:42:17,22.00, 71.60, 43.00
2025-02-13 15:42:19,22.00, 71.60, 43.00
2025-02-13 15:42:21,22.00, 71.60, 43.00
2025-02-13 15:42:23,22.00, 71.60, 43.00
2025-02-13 15:42:25,22.00, 71.60, 42.00
2025-02-13 15:42:27,22.00, 71.60, 42.00
2025-02-13 15:42:29,22.00, 71.60, 43.00
2025-02-13 15:42:31,22.00, 71.60, 43.00
2025-02-13 15:42:34,22.00, 71.60, 42.00
2025-02-13 15:42:36,22.00, 71.60, 42.00
2025-02-13 15:42:38,22.00, 71.60, 42.00
2025-02-13 15:42:40,22.00, 71.60, 43.00
2025-02-13 15:42:42,22.00, 71.60, 42.00
2025-02-13 15:42:44,22.00, 71.60, 42.00
2025-02-13 15:42:46,22.00, 71.60, 43.00
2025-02-13 15:42:48,22.00, 71.60, 43.00
2025-02-13 15:42:50,22.00, 71.60, 43.00
2025-02-13 15:42:52,22.00, 71.60, 43.00
2025-02-13 15:42:54,22.00, 71.60, 43.00
2025-02-13 15:42:56,22.00, 71.60, 43.00
2025-02-13 15:42:58,22.00, 71.60, 43.00
2025-02-13 15:43:00,22.00, 71.60, 43.00
2025-02-13 15:43:02,22.00, 71.60, 43.00
2025-02-13 15:43:04,22.00, 71.60, 42.00
2025-02-13 15:43:06,22.00, 71.60, 42.00
2025-02-13 15:43:08,22.00, 71.60, 42.00
2025-02-13 15:43:10,22.00, 71.60, 43.00
2025-02-13 15:43:12,22.00, 71.60, 42.00
2025-02-13 15:43:14,22.00, 71.60, 42.00
2025-02-13 15:43:16,22.00, 71.60, 42.00
2025-02-13 15:43:18,22.00, 71.60, 42.00
2025-02-13 15:43:20,22.00, 71.60, 43.00
2025-02-13 15:43:22,22.00, 71.60, 42.00
2025-02-13 15:43:24,22.00, 71.60, 42.00
2025-02-13 15:43:26,22.00, 71.60, 42.00
2025-02-13 15:43:28,22.00, 71.60, 42.00
2025-02-13 15:43:30,22.00, 71.60, 42.00
2025-02-13 15:43:32,22.00, 71.60, 42.00
2025-02-13 15:43:34,22.00, 71.60, 43.00
2025-02-13 15:43:36,22.00, 71.60, 42.00
2025-02-13 15:43:38,22.00, 71.60, 42.00
2025-02-13 15:43:40,22.00, 71.60, 42.00
2025-02-13 15:43:42,22.00, 71.60, 42.00
2025-02-13 15:43:44,22.00, 71.60, 42.00
2025-02-13 15:43:46,22.00, 71.60, 43.00
2025-02-13 15:43:48,22.00, 71.60, 42.00
2025-02-13 15:43:50,22.00, 71.60, 43.00
2025-02-13 15:43:52,22.00, 71.60, 43.00
2025-02-13 15:43:55,22.00, 71.60, 43.00
2025-02-13 15:43:57,22.00, 71.60, 43.00
2025-02-13 15:43:59,22.00, 71.60, 43.00
2025-02-13 15:44:01,22.00, 71.60, 43.00
2025-02-13 15:44:03,22.00, 71.60, 43.00
2025-02-13 15:44:05,22.00, 71.60, 42.00
2025-02-13 15:44:07,22.00, 71.60, 42.00
2025-02-13 15:44:09,22.00, 71.60, 43.00
2025-02-13 15:44:11,22.00, 71.60, 42.00
2025-02-13 15:44:13,22.00, 71.60, 42.00
2025-02-13 15:44:15,22.00, 71.60, 42.00
2025-02-13 15:44:17,22.00, 71.60, 42.00
2025-02-13 15:44:19,22.00, 71.60, 42.00
2025-02-13 15:44:21,22.00, 71.60, 42.00
2025-02-13 15:44:23,22.00, 71.60, 42.00
2025-02-13 15:44:25,22.00, 71.60, 42.00
2025-02-13 15:44:27,22.00, 71.60, 42.00
2025-02-13 15:44:29,22.00, 71.60, 42.00
2025-02-13 15:44:31,22.00, 71.60, 42.00
2025-02-13 15:44:33,22.00, 71.60, 43.00
2025-02-13 15:44:35,22.00, 71.60, 42.00
2025-02-13 15:44:37,22.00, 71.60, 42.00
2025-02-13 15:44:39,22.00, 71.60, 43.00
2025-02-13 15:44:41,22.00, 71.60, 42.00
2025-02-13 15:44:43,22.00, 71.60, 42.00
2025-02-13 15:44:45,22.00, 71.60, 42.00
2025-02-13 15:44:47,22.00, 71.60, 42.00
2025-02-13 15:44:49,22.00, 71.60, 42.00
2025-02-13 15:44:51,22.00, 71.60, 42.00
2025-02-13 15:44:53,22.00, 71.60, 42.00
2025-02-13 15:44:55,22.00, 71.60, 43.00
2025-02-13 15:44:57,22.00, 71.60, 43.00
2025-02-13 15:44:59,22.00, 71.60, 42.00
2025-02-13 15:45:01,22.00, 71.60, 42.00
2025-02-13 15:45:03,22.00, 71.60, 42.00
2025-02-13 15:45:05,22.00, 71.60, 43.00
2025-02-13 15:45:07,22.00, 71.60, 43.00
2025-02-13 15:45:09,22.00, 71.60, 43.00
2025-02-13 15:45:11,22.00, 71.60, 43.00
2025-02-13 15:45:13,22.00, 71.60, 43.00
2025-02-13 15:45:16,22.00, 71.60, 43.00
2025-02-13 15:45:18,22.00, 71.60, 43.00
2025-02-13 15:45:20,22.00, 71.60, 43.00
2025-02-13 15:45:22,22.00, 71.60, 43.00
2025-02-13 15:45:24,22.00, 71.60, 43.00
2025-02-13 15:45:26,22.00, 71.60, 43.00
2025-02-13 15:45:28,22.00, 71.60, 43.00
2025-02-13 15:45:30,22.00, 71.60, 42.00
2025-02-13 15:45:32,22.00, 71.60, 43.00
2025-02-13 15:45:34,22.00, 71.60, 43.00
2025-02-13 15:45:36,22.00, 71.60, 43.00
2025-02-13 15:45:38,22.00, 71.60, 43.00
2025-02-13 15:45:40,22.00, 71.60, 43.00
2025-02-13 15:45:42,22.00, 71.60, 43.00
2025-02-13 15:45:44,22.00, 71.60, 43.00
2025-02-13 15:45:46,22.00, 71.60, 42.00
2025-02-13 15:45:48,22.00, 71.60, 43.00
2025-02-13 15:45:50,22.00, 71.60, 43.00
2025-02-13 15:45:52,22.00, 71.60, 42.00
2025-02-13 15:45:54,22.00, 71.60, 42.00
2025-02-13 15:45:56,22.00, 71.60, 42.00
2025-02-13 15:45:58,22.00, 71.60, 43.00
2025-02-13 15:46:00,22.00, 71.60, 43.00
2025-02-13 15:46:02,22.00, 71.60, 43.00
2025-02-13 15:46:04,22.00, 71.60, 43.00
2025-02-13 15:46:06,22.00, 71.60, 42.00
2025-02-13 15:46:08,22.00, 71.60, 43.00
2025-02-13 15:46:10,22.00, 71.60, 42.00
2025-02-13 15:46:12,22.00, 71.60, 42.00
2025-02-13 15:46:14,22.00, 71.60, 42.00
2025-02-13 15:46:16,22.00, 71.60, 42.00
2025-02-13 15:46:18,22.00, 71.60, 42.00
2025-02-13 15:46:20,22.00, 71.60, 42.00
2025-02-13 15:46:22,22.00, 71.60, 42.00
2025-02-13 15:46:24,22.00, 71.60, 42.00
2025-02-13 15:46:26,22.00, 71.60, 42.00
2025-02-13 15:46:28,22.00, 71.60, 43.00
2025-02-13 15:46:30,22.00, 71.60, 42.00
2025-02-13 15:46:32,22.00, 71.60, 42.00
2025-02-13 15:46:34,22.00, 71.60, 42.00
2025-02-13 15:46:37,22.00, 71.60, 42.00
2025-02-13 15:46:39,22.00, 71.60, 42.00
2025-02-13 15:46:41,22.00, 71.60, 42.00
2025-02-13 15:46:43,22.00, 71.60, 42.00
2025-02-13 15:46:45,22.00, 71.60, 42.00
2025-02-13 15:46:47,22.00, 71.60, 42.00
2025-02-13 15:46:49,22.00, 71.60, 42.00
2025-02-13 15:46:51,22.00, 71.60, 42.00
2025-02-13 15:46:53,22.00, 71.60, 42.00
2025-02-13 15:46:55,22.00, 71.60, 42.00
2025-02-13 15:46:57,22.00, 71.60, 42.00
2025-02-13 15:46:59,22.00, 71.60, 42.00
2025-02-13 15:47:01,22.00, 71.60, 42.00
2025-02-13 15:47:03,22.00, 71.60, 42.00
2025-02-13 15:47:05,22.00, 71.60, 42.00
2025-02-13 15:47:07,22.00, 71.60, 42.00
2025-02-13 15:47:09,22.00, 71.60, 42.00
2025-02-13 15:47:11,22.00, 71.60, 42.00
2025-02-13 15:47:13,22.00, 71.60, 42.00
2025-02-13 15:47:15,22.00, 71.60, 42.00
2025-02-13 15:47:17,22.00, 71.60, 42.00
2025-02-13 15:47:19,22.00, 71.60, 42.00
2025-02-13 15:47:21,22.00, 71.60, 42.00
2025-02-13 15:47:23,22.00, 71.60, 42.00
2025-02-13 15:47:25,22.00, 71.60, 42.00
2025-02-13 15:47:27,22.00, 71.60, 42.00
2025-02-13 15:47:29,22.00, 71.60, 42.00
2025-02-13 15:47:31,22.00, 71.60, 42.00
2025-02-13 15:47:33,22.00, 71.60, 42.00
2025-02-13 15:47:35,22.00, 71.60, 43.00
2025-02-13 15:47:37,22.00, 71.60, 43.00
2025-02-13 15:47:39,22.00, 71.60, 42.00
2025-02-13 15:47:41,22.00, 71.60, 42.00
2025-02-13 15:47:43,22.00, 71.60, 42.00
2025-02-13 15:47:45,22.00, 71.60, 42.00
2025-02-13 15:47:47,22.00, 71.60, 42.00
2025-02-13 15:47:49,22.00, 71.60, 42.00
2025-02-13 15:47:51,22.00, 71.60, 42.00
2025-02-13 15:47:53,22.00, 71.60, 42.00
2025-02-13 15:47:55,22.00, 71.60, 42.00
2025-02-13 15:47:58,22.00, 71.60, 42.00
2025-02-13 15:48:00,22.00, 71.60, 43.00
2025-02-13 15:48:02,22.00, 71.60, 42.00
2025-02-13 15:48:04,22.00, 71.60, 42.00
2025-02-13 15:48:06,22.00, 71.60, 42.00
2025-02-13 15:48:08,22.00, 71.60, 42.00
2025-02-13 15:48:10,22.00, 71.60, 42.00
2025-02-13 15:48:12,22.00, 71.60, 42.00
2025-02-13 15:48:14,22.00, 71.60, 42.00
2025-02-13 15:48:16,22.00, 71.60, 42.00
2025-02-13 15:48:18,22.00, 71.60, 42.00
2025-02-13 15:48:20,22.00, 71.60, 42.00
2025-02-13 15:48:22,22.00, 71.60, 42.00
2025-02-13 15:48:24,22.00, 71.60, 42.00
2025-02-13 15:48:26,22.00, 71.60, 42.00
2025-02-13 15:48:28,22.00, 71.60, 43.00
2025-02-13 15:48:30,22.00, 71.60, 43.00
2025-02-13 15:48:32,22.00, 71.60, 42.00
2025-02-13 15:48:34,22.00, 71.60, 43.00
2025-02-13 15:48:36,22.00, 71.60, 42.00
2025-02-13 15:48:38,22.00, 71.60, 42.00
2025-02-13 15:48:40,22.00, 71.60, 43.00
2025-02-13 15:48:42,22.00, 71.60, 43.00
2025-02-13 15:48:44,22.00, 71.60, 43.00
2025-02-13 15:48:46,22.00, 71.60, 43.00
2025-02-13 15:48:48,22.00, 71.60, 43.00
2025-02-13 15:48:50,22.00, 71.60, 43.00
2025-02-13 15:48:52,22.00, 71.60, 43.00
2025-02-13 15:48:54,22.00, 71.60, 43.00
2025-02-13 15:48:56,22.00, 71.60, 43.00
2025-02-13 15:48:58,22.00, 71.60, 43.00
2025-02-13 15:49:00,22.00, 71.60, 43.00
2025-02-13 15:49:02,22.00, 71.60, 43.00
2025-02-13 15:49:04,22.00, 71.60, 43.00
2025-02-13 15:49:06,22.00, 71.60, 43.00
2025-02-13 15:49:08,22.00, 71.60, 43.00
2025-02-13 15:49:10,22.00, 71.60, 43.00
2025-02-13 15:49:12,22.00, 71.60, 43.00
2025-02-13 15:49:14,22.00, 71.60, 43.00
2025-02-13 15:49:16,22.00, 71.60, 43.00
2025-02-13 15:49:19,22.00, 71.60, 43.00
2025-02-13 15:49:21,22.00, 71.60, 43.00
2025-02-13 15:49:23,22.00, 71.60, 43.00
2025-02-13 15:49:25,22.00, 71.60, 43.00
2025-02-13 15:49:27,22.00, 71.60, 43.00
2025-02-13 15:49:29,22.00, 71.60, 43.00
2025-02-13 15:49:31,22.00, 71.60, 43.00
2025-02-13 15:49:33,22.00, 71.60, 43.00
2025-02-13 15:49:35,22.00, 71.60, 43.00
2025-02-13 15:49:37,22.00, 71.60, 43.00
2025-02-13 15:49:39,22.00, 71.60, 43.00
2025-02-13 15:49:41,22.00, 71.60, 43.00
2025-02-13 15:49:43,22.00, 71.60, 43.00
2025-02-13 15:49:45,22.00, 71.60, 43.00
2025-02-13 15:49:47,22.00, 71.60, 43.00
2025-02-13 15:49:49,22.00, 71.60, 43.00
2025-02-13 15:49:51,22.00, 71.60, 43.00
2025-02-13 15:49:53,22.00, 71.60, 42.00
2025-02-13 15:49:55,22.00, 71.60, 42.00
2025-02-13 15:49:57,22.00, 71.60, 43.00
2025-02-13 15:49:59,22.00, 71.60, 43.00
2025-02-13 15:50:01,22.00, 71.60, 43.00
2025-02-13 15:50:03,22.00, 71.60, 43.00
2025-02-13 15:50:05,22.00, 71.60, 43.00
2025-02-13 15:50:07,22.00, 71.60, 43.00
2025-02-13 15:50:09,22.00, 71.60, 43.00
2025-02-13 15:50:11,22.00, 71.60, 43.00
2025-02-13 15:50:13,22.00, 71.60, 43.00
2025-02-13 15:50:15,22.00, 71.60, 43.00
2025-02-13 15:50:17,22.00, 71.60, 43.00
2025-02-13 15:50:19,22.00, 71.60, 43.00
2025-02-13 15:50:21,22.00, 71.60, 43.00
2025-02-13 15:50:23,22.00, 71.60, 43.00
2025-02-13 15:50:25,22.00, 71.60, 43.00
2025-02-13 15:50:27,22.00, 71.60, 43.00
2025-02-13 15:50:29,22.00, 71.60, 43.00
2025-02-13 15:50:31,22.00, 71.60, 43.00
2025-02-13 15:50:33,22.00, 71.60, 43.00
2025-02-13 15:50:35,22.00, 71.60, 43.00
2025-02-13 15:50:37,22.00, 71.60, 43.00
2025-02-13 15:50:40,22.00, 71.60, 43.00
2025-02-13 15:50:42,22.00, 71.60, 43.00
2025-02-13 15:50:44,22.00, 71.60, 43.00
2025-02-13 15:50:46,22.00, 71.60, 43.00
2025-02-13 15:50:48,22.00, 71.60, 43.00
2025-02-13 15:50:50,22.00, 71.60, 43.00
2025-02-13 15:50:52,22.00, 71.60, 43.00
2025-02-13 15:50:54,22.00, 71.60, 43.00
2025-02-13 15:50:56,22.00, 71.60, 43.00
2025-02-13 15:50:58,22.00, 71.60, 43.00
2025-02-13 15:51:00,22.00, 71.60, 43.00
2025-02-13 15:51:02,22.00, 71.60, 43.00
2025-02-13 15:51:04,22.00, 71.60, 43.00
2025-02-13 15:51:06,22.00, 71.60, 43.00
2025-02-13 15:51:08,22.00, 71.60, 43.00
2025-02-13 15:51:10,22.00, 71.60, 43.00
2025-02-13 15:51:12,22.00, 71.60, 43.00
2025-02-13 15:51:14,22.00, 71.60, 43.00
2025-02-13 15:51:16,22.00, 71.60, 43.00
2025-02-13 15:51:18,22.00, 71.60, 43.00
2025-02-13 15:51:20,22.00, 71.60, 43.00
2025-02-13 15:51:22,22.00, 71.60, 43.00
2025-02-13 15:51:24,22.00, 71.60, 43.00
2025-02-13 15:51:26,22.00, 71.60, 43.00
2025-02-13 15:51:28,22.00, 71.60, 43.00
2025-02-13 15:51:30,22.00, 71.60, 43.00
2025-02-13 15:51:32,22.00, 71.60, 43.00
2025-02-13 15:51:34,22.00, 71.60, 43.00
2025-02-13 15:51:36,22.00, 71.60, 43.00
2025-02-13 15:51:38,22.00, 71.60, 43.00
2025-02-13 15:51:40,22.00, 71.60, 43.00
2025-02-13 15:51:42,22.00, 71.60, 43.00
2025-02-13 15:51:44,22.00, 71.60, 43.00
2025-02-13 15:51:46,22.00, 71.60, 43.00
2025-02-13 15:51:48,22.00, 71.60, 43.00
2025-02-13 15:51:50,22.00, 71.60, 43.00
2025-02-13 15:51:52,22.00, 71.60, 43.00
2025-02-13 15:51:54,22.00, 71.60, 43.00
2025-02-13 15:51:56,22.00, 71.60, 43.00
2025-02-13 15:51:58,22.00, 71.60, 43.00
2025-02-13 15:52:01,22.00, 71.60, 43.00
2025-02-13 15:52:03,22.00, 71.60, 43.00
2025-02-13 15:52:05,22.00, 71.60, 43.00
2025-02-13 15:52:07,22.00, 71.60, 43.00
2025-02-13 15:52:09,22.00, 71.60, 43.00
2025-02-13 15:52:11,22.00, 71.60, 43.00
2025-02-13 15:52:13,22.00, 71.60, 43.00
2025-02-13 15:52:15,22.00, 71.60, 43.00
2025-02-13 15:52:17,22.00, 71.60, 43.00
2025-02-13 15:52:19,22.00, 71.60, 43.00
2025-02-13 15:52:21,22.00, 71.60, 43.00
2025-02-13 15:52:23,22.00, 71.60, 43.00
2025-02-13 15:52:25,22.00, 71.60, 43.00
2025-02-13 15:52:27,22.00, 71.60, 43.00
2025-02-13 15:52:29,22.00, 71.60, 43.00
2025-02-13 15:52:31,22.00, 71.60, 43.00
2025-02-13 15:52:33,22.00, 71.60, 43.00
2025-02-13 15:52:35,22.00, 71.60, 43.00
2025-02-13 15:52:37,22.00, 71.60, 43.00
2025-02-13 15:52:39,22.00, 71.60, 43.00
2025-02-13 15:52:41,22.00, 71.60, 43.00
2025-02-13 15:52:43,22.00, 71.60, 43.00
2025-02-13 15:52:45,22.00, 71.60, 43.00
2025-02-13 15:52:47,22.00, 71.60, 43.00
2025-02-13 15:52:49,22.00, 71.60, 43.00
2025-02-13 15:52:51,22.00, 71.60, 43.00
2025-02-13 15:52:53,22.00, 71.60, 43.00
2025-02-13 15:52:55,22.00, 71.60, 43.00
2025-02-13 15:52:57,22.00, 71.60, 43.00
2025-02-13 15:52:59,22.00, 71.60, 43.00
2025-02-13 15:53:01,22.00, 71.60, 43.00
2025-02-13 15:53:03,22.00, 71.60, 43.00
2025-02-13 15:53:05,22.00, 71.60, 43.00
2025-02-13 15:53:07,22.00, 71.60, 43.00
2025-02-13 15:53:09,22.00, 71.60, 43.00
2025-02-13 15:53:11,22.00, 71.60, 43.00
2025-02-13 15:53:13,22.00, 71.60, 43.00
2025-02-13 15:53:15,22.00, 71.60, 43.00
2025-02-13 15:53:17,22.00, 71.60, 43.00
2025-02-13 15:53:19,22.00, 71.60, 43.00
2025-02-13 15:53:22,22.00, 71.60, 43.00
2025-02-13 15:53:24,22.00, 71.60, 43.00
2025-02-13 15:53:26,22.00, 71.60, 43.00
2025-02-13 15:53:28,22.00, 71.60, 43.00
2025-02-13 15:53:30,22.00, 71.60, 43.00
2025-02-13 15:53:32,22.00, 71.60, 43.00
2025-02-13 15:53:34,22.00, 71.60, 43.00
2025-02-13 15:53:36,22.00, 71.60, 43.00
2025-02-13 15:53:38,22.00, 71.60, 42.00
2025-02-13 15:53:40,22.00, 71.60, 43.00
2025-02-13 15:53:42,22.00, 71.60, 43.00
2025-02-13 15:53:44,22.00, 71.60, 43.00
2025-02-13 15:53:46,22.00, 71.60, 43.00
2025-02-13 15:53:48,22.00, 71.60, 43.00
2025-02-13 15:53:50,22.00, 71.60, 43.00
2025-02-13 15:53:52,22.00, 71.60, 43.00
2025-02-13 15:53:54,22.00, 71.60, 43.00
2025-02-13 15:53:56,22.00, 71.60, 43.00
2025-02-13 15:53:58,22.00, 71.60, 43.00
2025-02-13 15:54:00,22.00, 71.60, 43.00
2025-02-13 15:54:02,22.00, 71.60, 43.00
2025-02-13 15:54:04,22.00, 71.60, 43.00
2025-02-13 15:54:06,22.00, 71.60, 43.00
2025-02-13 15:54:08,22.00, 71.60, 43.00
2025-02-13 15:54:10,22.00, 71.60, 43.00
2025-02-13 15:54:12,22.00, 71.60, 43.00
2025-02-13 15:54:14,22.00, 71.60, 43.00
2025-02-13 15:54:16,22.00, 71.60, 43.00
2025-02-13 15:54:18,22.00, 71.60, 43.00
2025-02-13 15:54:20,22.00, 71.60, 43.00
2025-02-13 15:54:22,22.00, 71.60, 43.00
2025-02-13 15:54:24,22.00, 71.60, 43.00
2025-02-13 15:54:26,22.00, 71.60, 43.00
2025-02-13 15:54:28,22.00, 71.60, 43.00
2025-02-13 15:54:30,22.00, 71.60, 43.00
2025-02-13 15:54:32,22.00, 71.60, 43.00
2025-02-13 15:54:34,22.00, 71.60, 43.00
2025-02-13 15:54:36,22.00, 71.60, 43.00
2025-02-13 15:54:38,22.00, 71.60, 43.00
2025-02-13 15:54:40,22.00, 71.60, 43.00
2025-02-13 15:54:43,22.00, 71.60, 43.00
2025-02-13 15:54:45,22.00, 71.60, 43.00
2025-02-13 15:54:47,22.00, 71.60, 43.00
2025-02-13 15:54:49,22.00, 71.60, 43.00
2025-02-13 15:54:51,22.00, 71.60, 43.00
2025-02-13 15:54:53,22.00, 71.60, 43.00
2025-02-13 15:54:55,22.00, 71.60, 42.00
2025-02-13 15:54:57,22.00, 71.60, 43.00
2025-02-13 15:54:59,22.00, 71.60, 43.00
2025-02-13 15:55:01,22.00, 71.60, 43.00
2025-02-13 15:55:03,22.00, 71.60, 43.00
2025-02-13 15:55:05,22.00, 71.60, 43.00
2025-02-13 15:55:07,22.00, 71.60, 43.00
2025-02-13 15:55:09,22.00, 71.60, 43.00
2025-02-13 15:55:11,22.00, 71.60, 43.00
2025-02-13 15:55:13,22.00, 71.60, 43.00
2025-02-13 15:55:15,22.00, 71.60, 43.00
2025-02-13 15:55:17,22.00, 71.60, 43.00
2025-02-13 15:55:19,22.00, 71.60, 43.00
2025-02-13 15:55:21,22.00, 71.60, 43.00
2025-02-13 15:55:23,22.00, 71.60, 43.00
2025-02-13 15:55:25,22.00, 71.60, 43.00
2025-02-13 15:55:27,22.00, 71.60, 43.00
2025-02-13 15:55:29,22.00, 71.60, 43.00
2025-02-13 15:55:31,22.00, 71.60, 43.00
2025-02-13 15:55:33,22.00, 71.60, 43.00
2025-02-13 15:55:35,22.00, 71.60, 43.00
2025-02-13 15:55:37,22.00, 71.60, 43.00
2025-02-13 15:55:39,22.00, 71.60, 43.00
2025-02-13 15:55:41,22.00, 71.60, 43.00
2025-02-13 15:55:43,22.00, 71.60, 43.00
2025-02-13 15:55:45,22.00, 71.60, 43.00
2025-02-13 15:55:47,22.00, 71.60, 43.00
2025-02-13 15:55:49,22.00, 71.60, 43.00
2025-02-13 15:55:51,22.00, 71.60, 43.00
2025-02-13 15:55:53,22.00, 71.60, 43.00
2025-02-13 15:55:55,22.00, 71.60, 43.00
2025-02-13 15:55:57,22.00, 71.60, 43.00
2025-02-13 15:55:59,22.00, 71.60, 43.00
2025-02-13 15:56:01,22.00, 71.60, 43.00
2025-02-13 15:56:04,22.00, 71.60, 43.00
2025-02-13 15:56:06,22.00, 71.60, 43.00
2025-02-13 15:56:08,22.00, 71.60, 43.00
2025-02-13 15:56:10,22.00, 71.60, 43.00
2025-02-13 15:56:12,22.00, 71.60, 43.00
2025-02-13 15:56:14,22.00, 71.60, 43.00
2025-02-13 15:56:16,22.00, 71.60, 43.00
2025-02-13 15:56:18,22.00, 71.60, 43.00
2025-02-13 15:56:20,22.00, 71.60, 43.00
2025-02-13 15:56:22,22.00, 71.60, 43.00
2025-02-13 15:56:24,22.00, 71.60, 43.00
2025-02-13 15:56:26,22.00, 71.60, 43.00
2025-02-13 15:56:28,22.00, 71.60, 43.00
2025-02-13 15:56:30,22.00, 71.60, 43.00
2025-02-13 15:56:32,22.00, 71.60, 43.00
2025-02-13 15:56:34,22.00, 71.60, 43.00
2025-02-13 15:56:36,22.00, 71.60, 43.00
2025-02-13 15:56:38,22.00, 71.60, 43.00
2025-02-13 15:56:40,22.00, 71.60, 43.00
2025-02-13 15:56:42,22.00, 71.60, 43.00
2025-02-13 15:56:44,22.00, 71.60, 43.00
2025-02-13 15:56:46,22.00, 71.60, 43.00
2025-02-13 15:56:48,22.00, 71.60, 43.00
2025-02-13 15:56:50,22.00, 71.60, 43.00
2025-02-13 15:56:52,22.00, 71.60, 43.00
2025-02-13 15:56:54,22.00, 71.60, 43.00
2025-02-13 15:56:56,22.00, 71.60, 43.00
2025-02-13 15:56:58,22.00, 71.60, 43.00
2025-02-13 15:57:00,22.00, 71.60, 43.00
2025-02-13 15:57:02,22.00, 71.60, 43.00
2025-02-13 15:57:04,22.00, 71.60, 43.00
2025-02-13 15:57:06,22.00, 71.60, 43.00
2025-02-13 15:57:08,22.00, 71.60, 43.00
2025-02-13 15:57:10,22.00, 71.60, 43.00
2025-02-13 15:57:12,22.00, 71.60, 43.00
2025-02-13 15:57:14,22.00, 71.60, 43.00
2025-02-13 15:57:16,22.00, 71.60, 43.00
2025-02-13 15:57:18,22.00, 71.60, 43.00
2025-02-13 15:57:20,22.00, 71.60, 43.00
2025-02-13 15:57:22,22.00, 71.60, 43.00
2025-02-13 15:57:25,22.00, 71.60, 43.00
2025-02-13 15:57:27,22.00, 71.60, 43.00
2025-02-13 15:57:29,22.00, 71.60, 43.00
2025-02-13 15:57:31,22.00, 71.60, 43.00
2025-02-13 15:57:33,22.00, 71.60, 43.00
2025-02-13 15:57:35,22.00, 71.60, 43.00
2025-02-13 15:57:37,22.00, 71.60, 43.00
2025-02-13 15:57:39,22.00, 71.60, 43.00
2025-02-13 15:57:41,22.00, 71.60, 43.00
2025-02-13 15:57:43,22.00, 71.60, 43.00
2025-02-13 15:57:45,22.00, 71.60, 43.00
2025-02-13 15:57:47,22.00, 71.60, 43.00
2025-02-13 15:57:49,22.00, 71.60, 43.00
2025-02-13 15:57:51,22.00, 71.60, 43.00
2025-02-13 15:57:53,22.00, 71.60, 43.00
2025-02-13 15:57:55,22.00, 71.60, 43.00
2025-02-13 15:57:57,22.00, 71.60, 44.00
2025-02-13 15:57:59,22.00, 71.60, 44.00
2025-02-13 15:58:01,22.00, 71.60, 43.00
2025-02-13 15:58:03,22.00, 71.60, 43.00
2025-02-13 15:58:05,22.00, 71.60, 43.00
2025-02-13 15:58:07,22.00, 71.60, 43.00
2025-02-13 15:58:09,22.00, 71.60, 43.00
2025-02-13 15:58:11,22.00, 71.60, 43.00
2025-02-13 15:58:13,22.00, 71.60, 43.00
2025-02-13 15:58:15,22.00, 71.60, 44.00
2025-02-13 15:58:17,22.00, 71.60, 43.00
2025-02-13 15:58:19,22.00, 71.60, 43.00
2025-02-13 15:58:21,22.00, 71.60, 43.00
2025-02-13 15:58:23,22.00, 71.60, 43.00
2025-02-13 15:58:25,22.00, 71.60, 43.00
2025-02-13 15:58:27,22.00, 71.60, 43.00
2025-02-13 15:58:29,22.00, 71.60, 43.00
2025-02-13 15:58:31,22.00, 71.60, 43.00
2025-02-13 15:58:33,22.00, 71.60, 43.00
2025-02-13 15:58:35,22.00, 71.60, 44.00
2025-02-13 15:58:37,22.00, 71.60, 44.00
2025-02-13 15:58:39,22.00, 71.60, 43.00
2025-02-13 15:58:41,22.00, 71.60, 44.00
2025-02-13 15:58:43,22.00, 71.60, 44.00
2025-02-13 15:58:46,22.00, 71.60, 44.00
2025-02-13 15:58:48,22.00, 71.60, 43.00
2025-02-13 15:58:50,22.00, 71.60, 43.00
2025-02-13 15:58:52,22.00, 71.60, 43.00
2025-02-13 15:58:54,22.00, 71.60, 43.00
2025-02-13 15:58:56,22.00, 71.60, 43.00
2025-02-13 15:58:58,22.00, 71.60, 43.00
2025-02-13 15:59:00,22.00, 71.60, 43.00
2025-02-13 15:59:02,22.00, 71.60, 43.00
2025-02-13 15:59:04,22.00, 71.60, 43.00
2025-02-13 15:59:06,22.00, 71.60, 43.00
2025-02-13 15:59:08,22.00, 71.60, 43.00
2025-02-13 15:59:10,22.00, 71.60, 43.00
2025-02-13 15:59:12,22.00, 71.60, 43.00
2025-02-13 15:59:14,22.00, 71.60, 43.00
2025-02-13 15:59:16,22.00, 71.60, 43.00
2025-02-13 15:59:18,22.00, 71.60, 43.00
2025-02-13 15:59:20,22.00, 71.60, 43.00
2025-02-13 15:59:22,22.00, 71.60, 43.00
2025-02-13 15:59:24,22.00, 71.60, 43.00
2025-02-13 15:59:26,22.00, 71.60, 43.00
2025-02-13 15:59:28,22.00, 71.60, 43.00
2025-02-13 15:59:30,22.00, 71.60, 43.00
2025-02-13 15:59:32,22.00, 71.60, 43.00
2025-02-13 15:59:34,22.00, 71.60, 43.00
2025-02-13 15:59:36,22.00, 71.60, 43.00
2025-02-13 15:59:38,22.00, 71.60, 43.00
2025-02-13 15:59:40,22.00, 71.60, 43.00
2025-02-13 15:59:42,22.00, 71.60, 43.00
2025-02-13 15:59:44,22.00, 71.60, 43.00
2025-02-13 15:59:46,22.00, 71.60, 43.00
2025-02-13 15:59:48,22.00, 71.60, 43.00
2025-02-13 15:59:50,22.00, 71.60, 43.00
2025-02-13 15:59:52,22.00, 71.60, 43.00
2025-02-13 15:59:54,22.00, 71.60, 43.00
2025-02-13 15:59:56,22.00, 71.60, 43.00
2025-02-13 15:59:58,22.00, 71.60, 43.00
2025-02-13 16:00:00,22.00, 71.60, 44.00
2025-02-13 16:00:02,22.00, 71.60, 43.00
2025-02-13 16:00:04,22.00, 71.60, 43.00
2025-02-13 16:00:07,22.00, 71.60, 43.00
2025-02-13 16:00:09,22.00, 71.60, 43.00
2025-02-13 16:00:11,22.00, 71.60, 43.00
2025-02-13 16:00:13,22.00, 71.60, 43.00
2025-02-13 16:00:15,22.00, 71.60, 43.00
2025-02-13 16:00:17,22.00, 71.60, 43.00
2025-02-13 16:00:19,22.00, 71.60, 43.00
2025-02-13 16:00:21,22.00, 71.60, 43.00
2025-02-13 16:00:23,22.00, 71.60, 43.00
2025-02-13 16:00:25,22.00, 71.60, 43.00
2025-02-13 16:00:27,22.00, 71.60, 43.00
2025-02-13 16:00:29,22.00, 71.60, 43.00
2025-02-13 16:00:31,22.00, 71.60, 43.00
2025-02-13 16:00:33,22.00, 71.60, 43.00
2025-02-13 16:00:35,22.00, 71.60, 43.00
2025-02-13 16:00:37,22.00, 71.60, 43.00
2025-02-13 16:00:39,22.00, 71.60, 43.00
2025-02-13 16:00:41,22.00, 71.60, 43.00
2025-02-13 16:00:43,22.00, 71.60, 43.00
2025-02-13 16:00:45,22.00, 71.60, 43.00
2025-02-13 16:00:47,22.00, 71.60, 43.00
2025-02-13 16:00:49,22.00, 71.60, 43.00
2025-02-13 16:00:51,22.00, 71.60, 43.00
2025-02-13 16:00:53,22.00, 71.60, 43.00
2025-02-13 16:00:55,22.00, 71.60, 43.00
2025-02-13 16:00:57,22.00, 71.60, 43.00
2025-02-13 16:00:59,22.00, 71.60, 43.00
2025-02-13 16:01:01,22.00, 71.60, 43.00
2025-02-13 16:01:03,22.00, 71.60, 43.00
2025-02-13 16:01:05,22.00, 71.60, 43.00
2025-02-13 16:01:07,22.00, 71.60, 43.00
2025-02-13 16:01:09,22.00, 71.60, 43.00
2025-02-13 16:01:11,22.00, 71.60, 43.00
2025-02-13 16:01:13,22.00, 71.60, 43.00
2025-02-13 16:01:15,22.00, 71.60, 43.00
2025-02-13 16:01:17,22.00, 71.60, 43.00
2025-02-13 16:01:19,22.00, 71.60, 43.00
2025-02-13 16:01:21,22.00, 71.60, 43.00
2025-02-13 16:01:23,22.00, 71.60, 43.00
2025-02-13 16:01:25,22.00, 71.60, 43.00
2025-02-13 16:01:28,22.00, 71.60, 43.00
2025-02-13 16:01:30,22.00, 71.60, 43.00
2025-02-13 16:01:32,22.00, 71.60, 43.00
2025-02-13 16:01:34,22.00, 71.60, 43.00
2025-02-13 16:01:36,22.00, 71.60, 43.00
2025-02-13 16:01:38,22.00, 71.60, 43.00
2025-02-13 16:01:40,22.00, 71.60, 43.00
2025-02-13 16:01:42,22.00, 71.60, 43.00
2025-02-13 16:01:44,22.00, 71.60, 43.00
2025-02-13 16:01:46,22.00, 71.60, 43.00
2025-02-13 16:01:48,22.00, 71.60, 43.00
2025-02-13 16:01:50,22.00, 71.60, 43.00
2025-02-13 16:01:52,22.00, 71.60, 43.00
2025-02-13 16:01:54,22.00, 71.60, 43.00
2025-02-13 16:01:56,22.00, 71.60, 43.00
2025-02-13 16:01:58,22.00, 71.60, 43.00
2025-02-13 16:02:00,22.00, 71.60, 43.00
2025-02-13 16:02:02,22.00, 71.60, 43.00
2025-02-13 16:02:04,22.00, 71.60, 43.00
2025-02-13 16:02:06,22.00, 71.60, 43.00
2025-02-13 16:02:08,22.00, 71.60, 43.00
2025-02-13 16:02:10,22.00, 71.60, 43.00
2025-02-13 16:02:12,22.00, 71.60, 43.00
2025-02-13 16:02:14,22.00, 71.60, 43.00
2025-02-13 16:02:16,22.00, 71.60, 43.00
2025-02-13 16:02:18,22.00, 71.60, 43.00
2025-02-13 16:02:20,22.00, 71.60, 43.00
2025-02-13 16:02:22,22.00, 71.60, 43.00
2025-02-13 16:02:24,22.00, 71.60, 43.00
2025-02-13 16:02:26,22.00, 71.60, 43.00
2025-02-13 16:02:28,22.00, 71.60, 43.00
2025-02-13 16:02:30,22.00, 71.60, 43.00
2025-02-13 16:02:32,22.00, 71.60, 43.00
2025-02-13 16:02:34,22.00, 71.60, 43.00
2025-02-13 16:02:36,22.00, 71.60, 43.00
2025-02-13 16:02:38,22.00, 71.60, 43.00
2025-02-13 16:02:40,22.00, 71.60, 43.00
2025-02-13 16:02:42,22.00, 71.60, 43.00
2025-02-13 16:02:44,22.00, 71.60, 43.00
2025-02-13 16:02:46,22.00, 71.60, 43.00
2025-02-13 16:02:49,22.00, 71.60, 43.00
2025-02-13 16:02:51,22.00, 71.60, 43.00
2025-02-13 16:02:53,22.00, 71.60, 43.00
2025-02-13 16:02:55,22.00, 71.60, 43.00
2025-02-13 16:02:57,22.00, 71.60, 43.00
2025-02-13 16:02:59,22.00, 71.60, 43.00
2025-02-13 16:03:01,22.00, 71.60, 43.00
2025-02-13 16:03:03,22.00, 71.60, 43.00
2025-02-13 16:03:05,22.00, 71.60, 43.00
2025-02-13 16:03:07,22.00, 71.60, 43.00
2025-02-13 16:03:09,22.00, 71.60, 43.00
2025-02-13 16:03:11,22.00, 71.60, 43.00
2025-02-13 16:03:13,22.00, 71.60, 43.00
2025-02-13 16:03:15,22.00, 71.60, 43.00
2025-02-13 16:03:17,22.00, 71.60, 43.00
2025-02-13 16:03:19,22.00, 71.60, 43.00
2025-02-13 16:03:21,22.00, 71.60, 43.00
2025-02-13 16:03:23,22.00, 71.60, 43.00
2025-02-13 16:03:25,22.00, 71.60, 43.00
2025-02-13 16:03:27,22.00, 71.60, 43.00
2025-02-13 16:03:29,22.00, 71.60, 43.00
2025-02-13 16:03:31,22.00, 71.60, 43.00
2025-02-13 16:03:33,22.00, 71.60, 43.00
2025-02-13 16:03:35,22.00, 71.60, 43.00
2025-02-13 16:03:37,22.00, 71.60, 43.00
2025-02-13 16:03:39,22.00, 71.60, 43.00
2025-02-13 16:03:41,22.00, 71.60, 43.00
2025-02-13 16:03:43,22.00, 71.60, 43.00
2025-02-13 16:03:45,22.00, 71.60, 43.00
2025-02-13 16:03:47,22.00, 71.60, 43.00
2025-02-13 16:03:49,22.00, 71.60, 43.00
2025-02-13 16:03:51,22.00, 71.60, 43.00
2025-02-13 16:03:53,22.00, 71.60, 43.00
2025-02-13 16:03:55,22.00, 71.60, 43.00
2025-02-13 16:03:57,22.00, 71.60, 43.00
2025-02-13 16:03:59,22.00, 71.60, 43.00
2025-02-13 16:04:01,22.00, 71.60, 43.00
2025-02-13 16:04:03,22.00, 71.60, 43.00
2025-02-13 16:04:05,22.00, 71.60, 43.00
2025-02-13 16:04:07,22.00, 71.60, 43.00
2025-02-13 16:04:10,22.00, 71.60, 43.00
2025-02-13 16:04:12,22.00, 71.60, 43.00
2025-02-13 16:04:14,22.00, 71.60, 43.00
2025-02-13 16:04:16,22.00, 71.60, 43.00
2025-02-13 16:04:18,22.00, 71.60, 43.00
2025-02-13 16:04:20,22.00, 71.60, 43.00
2025-02-13 16:04:22,22.00, 71.60, 43.00
2025-02-13 16:04:24,22.00, 71.60, 43.00
2025-02-13 16:04:26,22.00, 71.60, 43.00
2025-02-13 16:04:28,22.00, 71.60, 43.00
2025-02-13 16:04:30,22.00, 71.60, 43.00
2025-02-13 16:04:32,22.00, 71.60, 43.00
2025-02-13 16:04:34,22.00, 71.60, 43.00
2025-02-13 16:04:36,22.00, 71.60, 43.00
2025-02-13 16:04:38,22.00, 71.60, 43.00
2025-02-13 16:04:40,22.00, 71.60, 43.00
2025-02-13 16:04:42,22.00, 71.60, 43.00
2025-02-13 16:04:44,22.00, 71.60, 43.00
2025-02-13 16:04:46,22.00, 71.60, 43.00
2025-02-13 16:04:48,22.00, 71.60, 43.00
2025-02-13 16:04:50,22.00, 71.60, 43.00
2025-02-13 16:04:52,22.00, 71.60, 43.00
2025-02-13 16:04:54,22.00, 71.60, 43.00
2025-02-13 16:04:56,22.00, 71.60, 43.00
2025-02-13 16:04:58,22.00, 71.60, 43.00
2025-02-13 16:05:00,22.00, 71.60, 43.00
2025-02-13 16:05:02,22.00, 71.60, 43.00
2025-02-13 16:05:04,22.00, 71.60, 43.00
2025-02-13 16:05:06,22.00, 71.60, 43.00
2025-02-13 16:05:08,22.00, 71.60, 43.00
2025-02-13 16:05:10,22.00, 71.60, 43.00
2025-02-13 16:05:12,22.00, 71.60, 43.00
2025-02-13 16:05:14,22.00, 71.60, 43.00
2025-02-13 16:05:16,22.00, 71.60, 43.00
2025-02-13 16:05:18,22.00, 71.60, 43.00
2025-02-13 16:05:20,22.00, 71.60, 43.00
2025-02-13 16:05:22,22.00, 71.60, 43.00
2025-02-13 16:05:24,22.00, 71.60, 43.00
2025-02-13 16:05:26,22.00, 71.60, 43.00
2025-02-13 16:05:28,22.00, 71.60, 43.00
2025-02-13 16:05:31,22.00, 71.60, 43.00
2025-02-13 16:05:33,22.00, 71.60, 43.00
2025-02-13 16:05:35,22.00, 71.60, 43.00
2025-02-13 16:05:37,22.00, 71.60, 43.00
2025-02-13 16:05:39,22.00, 71.60, 43.00
2025-02-13 16:05:41,22.00, 71.60, 43.00
2025-02-13 16:05:43,22.00, 71.60, 43.00
2025-02-13 16:05:45,22.00, 71.60, 43.00
2025-02-13 16:05:47,22.00, 71.60, 43.00
2025-02-13 16:05:49,22.00, 71.60, 43.00
2025-02-13 16:05:51,22.00, 71.60, 43.00
2025-02-13 16:05:53,22.00, 71.60, 43.00
2025-02-13 16:05:55,22.00, 71.60, 43.00
2025-02-13 16:05:57,22.00, 71.60, 43.00
2025-02-13 16:05:59,22.00, 71.60, 43.00
2025-02-13 16:06:01,22.00, 71.60, 43.00
2025-02-13 16:06:03,22.00, 71.60, 43.00
2025-02-13 16:06:05,22.00, 71.60, 43.00
2025-02-13 16:06:07,22.00, 71.60, 43.00
2025-02-13 16:06:09,22.00, 71.60, 43.00
2025-02-13 16:06:11,22.00, 71.60, 43.00
2025-02-13 16:06:13,22.00, 71.60, 43.00
2025-02-13 16:06:15,22.00, 71.60, 43.00
2025-02-13 16:06:17,22.00, 71.60, 43.00
2025-02-13 16:06:19,22.00, 71.60, 43.00
2025-02-13 16:06:21,22.00, 71.60, 43.00
2025-02-13 16:06:23,22.00, 71.60, 43.00
2025-02-13 16:06:25,22.00, 71.60, 43.00
2025-02-13 16:06:27,22.00, 71.60, 43.00
2025-02-13 16:06:29,22.00, 71.60, 43.00
2025-02-13 16:06:31,22.00, 71.60, 43.00
2025-02-13 16:06:33,22.00, 71.60, 43.00
2025-02-13 16:06:35,22.00, 71.60, 43.00
2025-02-13 16:06:37,22.00, 71.60, 43.00
2025-02-13 16:06:39,22.00, 71.60, 43.00
2025-02-13 16:06:41,22.00, 71.60, 43.00
2025-02-13 16:06:43,22.00, 71.60, 43.00
2025-02-13 16:06:45,22.00, 71.60, 43.00
2025-02-13 16:06:47,22.00, 71.60, 43.00
2025-02-13 16:06:49,22.00, 71.60, 43.00
2025-02-13 16:06:51,22.00, 71.60, 43.00
2025-02-13 16:06:54,22.00, 71.60, 43.00
2025-02-13 16:06:56,22.00, 71.60, 43.00
2025-02-13 16:06:58,22.00, 71.60, 43.00
2025-02-13 16:07:00,22.00, 71.60, 43.00
2025-02-13 16:07:02,22.00, 71.60, 43.00
2025-02-13 16:07:04,22.00, 71.60, 43.00
2025-02-13 16:07:06,22.00, 71.60, 43.00
2025-02-13 16:07:08,22.00, 71.60, 43.00
2025-02-13 16:07:10,22.00, 71.60, 43.00
2025-02-13 16:07:12,22.00, 71.60, 43.00
2025-02-13 16:07:14,22.00, 71.60, 43.00
2025-02-13 16:07:16,22.00, 71.60, 43.00
2025-02-13 16:07:18,22.00, 71.60, 43.00
2025-02-13 16:07:20,22.00, 71.60, 43.00
2025-02-13 16:07:22,22.00, 71.60, 43.00
2025-02-13 16:07:24,22.00, 71.60, 43.00
2025-02-13 16:07:26,22.00, 71.60, 43.00
2025-02-13 16:07:28,22.00, 71.60, 43.00
2025-02-13 16:07:30,22.00, 71.60, 43.00
2025-02-13 16:07:32,22.00, 71.60, 43.00
2025-02-13 16:07:34,22.00, 71.60, 43.00
2025-02-13 16:07:36,22.00, 71.60, 43.00
2025-02-13 16:07:38,22.00, 71.60, 43.00
2025-02-13 16:07:40,22.00, 71.60, 43.00
2025-02-13 16:07:42,22.00, 71.60, 43.00
2025-02-13 16:07:44,22.00, 71.60, 43.00
2025-02-13 16:07:46,22.00, 71.60, 43.00
2025-02-13 16:07:48,22.00, 71.60, 43.00
2025-02-13 16:07:50,22.00, 71.60, 43.00
2025-02-13 16:07:52,22.00, 71.60, 43.00
2025-02-13 16:07:54,22.00, 71.60, 43.00
2025-02-13 16:07:56,22.00, 71.60, 43.00
2025-02-13 16:07:58,22.00, 71.60, 43.00
2025-02-13 16:08:00,22.00, 71.60, 43.00
2025-02-13 16:08:02,22.00, 71.60, 43.00
2025-02-13 16:08:04,22.00, 71.60, 43.00
2025-02-13 16:08:06,22.00, 71.60, 43.00
2025-02-13 16:08:08,22.00, 71.60, 43.00
2025-02-13 16:08:10,22.00, 71.60, 43.00
2025-02-13 16:08:12,22.00, 71.60, 43.00
2025-02-13 16:08:15,22.00, 71.60, 43.00
2025-02-13 16:08:17,22.00, 71.60, 43.00
2025-02-13 16:08:19,22.00, 71.60, 43.00
2025-02-13 16:08:21,22.00, 71.60, 43.00
2025-02-13 16:08:23,22.00, 71.60, 43.00
2025-02-13 16:08:25,22.00, 71.60, 43.00
2025-02-13 16:08:27,22.00, 71.60, 43.00
2025-02-13 16:08:29,22.00, 71.60, 43.00
2025-02-13 16:08:31,22.00, 71.60, 43.00
2025-02-13 16:08:33,22.00, 71.60, 43.00
2025-02-13 16:08:35,22.00, 71.60, 43.00
2025-02-13 16:08:37,22.00, 71.60, 43.00
2025-02-13 16:08:39,22.00, 71.60, 43.00
2025-02-13 16:08:41,22.00, 71.60, 43.00
2025-02-13 16:08:43,22.00, 71.60, 43.00
2025-02-13 16:08:45,22.00, 71.60, 43.00
2025-02-13 16:08:47,22.00, 71.60, 43.00
2025-02-13 16:08:49,22.00, 71.60, 43.00
2025-02-13 16:08:51,22.00, 71.60, 43.00
2025-02-13 16:08:53,22.00, 71.60, 43.00
2025-02-13 16:08:55,22.00, 71.60, 43.00
2025-02-13 16:08:57,22.00, 71.60, 43.00
2025-02-13 16:08:59,22.00, 71.60, 43.00
2025-02-13 16:09:01,22.00, 71.60, 43.00
2025-02-13 16:09:03,22.00, 71.60, 43.00
2025-02-13 16:09:05,22.00, 71.60, 43.00
2025-02-13 16:09:07,22.00, 71.60, 43.00
2025-02-13 16:09:09,22.00, 71.60, 43.00
2025-02-13 16:09:11,22.00, 71.60, 43.00
2025-02-13 16:09:13,22.00, 71.60, 43.00
2025-02-13 16:09:15,22.00, 71.60, 43.00
2025-02-13 16:09:17,22.00, 71.60, 43.00
2025-02-13 16:09:19,22.00, 71.60, 43.00
2025-02-13 16:09:21,22.00, 71.60, 43.00
2025-02-13 16:09:23,22.00, 71.60, 43.00
2025-02-13 16:09:25,22.00, 71.60, 43.00
2025-02-13 16:09:27,22.00, 71.60, 43.00
2025-02-13 16:09:29,22.00, 71.60, 43.00
2025-02-13 16:09:31,22.00, 71.60, 43.00
2025-02-13 16:09:33,22.00, 71.60, 43.00
2025-02-13 16:09:36,22.00, 71.60, 43.00
2025-02-13 16:09:38,22.00, 71.60, 43.00
2025-02-13 16:09:40,22.00, 71.60, 43.00
2025-02-13 16:09:42,22.00, 71.60, 43.00
2025-02-13 16:09:44,22.00, 71.60, 43.00
2025-02-13 16:09:46,22.00, 71.60, 43.00
2025-02-13 16:09:48,22.00, 71.60, 43.00
2025-02-13 16:09:50,22.00, 71.60, 43.00
2025-02-13 16:09:52,22.00, 71.60, 43.00
2025-02-13 16:09:54,22.00, 71.60, 43.00
2025-02-13 16:09:56,22.00, 71.60, 43.00
2025-02-13 16:09:58,22.00, 71.60, 43.00
2025-02-13 16:10:00,22.00, 71.60, 43.00
2025-02-13 16:10:02,22.00, 71.60, 43.00
2025-02-13 16:10:04,22.00, 71.60, 43.00
2025-02-13 16:10:06,22.00, 71.60, 43.00
2025-02-13 16:10:08,22.00, 71.60, 43.00
2025-02-13 16:10:10,22.00, 71.60, 43.00
2025-02-13 16:10:12,22.00, 71.60, 43.00
2025-02-13 16:10:14,22.00, 71.60, 43.00
2025-02-13 16:10:16,22.00, 71.60, 43.00
2025-02-13 16:10:18,22.00, 71.60, 43.00
2025-02-13 16:10:20,22.00, 71.60, 43.00
2025-02-13 16:10:22,22.00, 71.60, 43.00
2025-02-13 16:10:24,22.00, 71.60, 43.00
2025-02-13 16:10:26,22.00, 71.60, 43.00
2025-02-13 16:10:28,22.00, 71.60, 43.00
2025-02-13 16:10:30,22.00, 71.60, 43.00
2025-02-13 16:10:32,22.00, 71.60, 43.00
2025-02-13 16:10:34,22.00, 71.60, 43.00
2025-02-13 16:10:36,22.00, 71.60, 43.00
2025-02-13 16:10:38,22.00, 71.60, 43.00
2025-02-13 16:10:40,22.00, 71.60, 43.00
2025-02-13 16:10:42,22.00, 71.60, 43.00
2025-02-13 16:10:44,22.00, 71.60, 43.00
2025-02-13 16:10:46,22.00, 71.60, 43.00
2025-02-13 16:10:48,22.00, 71.60, 43.00
2025-02-13 16:10:50,22.00, 71.60, 43.00
2025-02-13 16:10:52,22.00, 71.60, 43.00
2025-02-13 16:10:54,22.00, 71.60, 43.00
2025-02-13 16:10:57,22.00, 71.60, 43.00
2025-02-13 16:10:59,22.00, 71.60, 43.00
2025-02-13 16:11:01,22.00, 71.60, 43.00
2025-02-13 16:11:03,22.00, 71.60, 43.00
2025-02-13 16:11:05,22.00, 71.60, 43.00
2025-02-13 16:11:07,22.00, 71.60, 43.00
2025-02-13 16:11:09,22.00, 71.60, 43.00
2025-02-13 16:11:11,22.00, 71.60, 43.00
2025-02-13 16:11:13,22.00, 71.60, 43.00
2025-02-13 16:11:15,22.00, 71.60, 43.00
2025-02-13 16:11:17,22.00, 71.60, 43.00
2025-02-13 16:11:19,22.00, 71.60, 43.00
2025-02-13 16:11:21,22.00, 71.60, 43.00
2025-02-13 16:11:23,22.00, 71.60, 43.00
2025-02-13 16:11:25,22.00, 71.60, 43.00
2025-02-13 16:11:27,22.00, 71.60, 43.00
2025-02-13 16:11:29,22.00, 71.60, 43.00
2025-02-13 16:11:31,22.00, 71.60, 43.00
2025-02-13 16:11:33,22.00, 71.60, 43.00
2025-02-13 16:11:35,22.00, 71.60, 43.00
2025-02-13 16:11:37,22.00, 71.60, 43.00
2025-02-13 16:11:39,22.00, 71.60, 43.00
2025-02-13 16:11:41,22.00, 71.60, 43.00
2025-02-13 16:11:43,22.00, 71.60, 43.00
2025-02-13 16:11:45,22.00, 71.60, 43.00
2025-02-13 16:11:47,22.00, 71.60, 43.00
2025-02-13 16:11:49,22.00, 71.60, 43.00
2025-02-13 16:11:51,22.00, 71.60, 43.00
2025-02-13 16:11:53,22.00, 71.60, 43.00
2025-02-13 16:11:55,22.00, 71.60, 43.00
2025-02-13 16:11:57,22.00, 71.60, 43.00
2025-02-13 16:11:59,22.00, 71.60, 43.00
2025-02-13 16:12:01,22.00, 71.60, 43.00
2025-02-13 16:12:03,22.00, 71.60, 43.00
2025-02-13 16:12:05,22.00, 71.60, 43.00
2025-02-13 16:12:07,22.00, 71.60, 43.00
2025-02-13 16:12:09,22.00, 71.60, 43.00
2025-02-13 16:12:11,22.00, 71.60, 43.00
2025-02-13 16:12:13,22.00, 71.60, 43.00
2025-02-13 16:12:15,22.00, 71.60, 43.00
2025-02-13 16:12:18,22.00, 71.60, 43.00
2025-02-13 16:12:20,22.00, 71.60, 43.00
2025-02-13 16:12:22,22.00, 71.60, 43.00
2025-02-13 16:12:24,22.00, 71.60, 43.00
2025-02-13 16:12:26,22.00, 71.60, 43.00
2025-02-13 16:12:28,22.00, 71.60, 43.00
2025-02-13 16:12:30,22.00, 71.60, 43.00
2025-02-13 16:12:32,22.00, 71.60, 43.00
2025-02-13 16:12:34,22.00, 71.60, 43.00
2025-02-13 16:12:36,22.00, 71.60, 43.00
2025-02-13 16:12:38,22.00, 71.60, 43.00
2025-02-13 16:12:40,22.00, 71.60, 43.00
2025-02-13 16:12:42,22.00, 71.60, 43.00
2025-02-13 16:12:44,22.00, 71.60, 43.00
2025-02-13 16:12:46,22.00, 71.60, 43.00
2025-02-13 16:12:48,22.00, 71.60, 43.00
2025-02-13 16:12:50,22.00, 71.60, 43.00
2025-02-13 16:12:52,22.00, 71.60, 43.00
2025-02-13 16:12:54,22.00, 71.60, 43.00
2025-02-13 16:12:56,22.00, 71.60, 43.00
2025-02-13 16:12:58,22.00, 71.60, 43.00
2025-02-13 16:13:00,22.00, 71.60, 43.00
2025-02-13 16:13:02,22.00, 71.60, 43.00
2025-02-13 16:13:04,22.00, 71.60, 43.00
2025-02-13 16:13:06,22.00, 71.60, 43.00
2025-02-13 16:13:08,22.00, 71.60, 43.00
2025-02-13 16:13:10,22.00, 71.60, 43.00
2025-02-13 16:13:12,22.00, 71.60, 43.00
2025-02-13 16:13:14,22.00, 71.60, 43.00
2025-02-13 16:13:16,22.00, 71.60, 43.00
2025-02-13 16:13:18,22.00, 71.60, 43.00
2025-02-13 16:13:20,22.00, 71.60, 43.00
2025-02-13 16:13:22,22.00, 71.60, 43.00
2025-02-13 16:13:24,22.00, 71.60, 43.00
2025-02-13 16:13:26,22.00, 71.60, 43.00
2025-02-13 16:13:28,22.00, 71.60, 43.00
2025-02-13 16:13:30,22.00, 71.60, 43.00
2025-02-13 16:13:32,22.00, 71.60, 43.00
2025-02-13 16:13:34,22.00, 71.60, 43.00
2025-02-13 16:13:36,22.00, 71.60, 43.00
2025-02-13 16:13:39,22.00, 71.60, 43.00
2025-02-13 16:13:41,22.00, 71.60, 43.00
2025-02-13 16:13:43,22.00, 71.60, 43.00
2025-02-13 16:13:45,22.00, 71.60, 43.00
2025-02-13 16:13:47,22.00, 71.60, 43.00
2025-02-13 16:13:49,22.00, 71.60, 43.00
2025-02-13 16:13:51,22.00, 71.60, 43.00
2025-02-13 16:13:53,22.00, 71.60, 44.00
2025-02-13 16:13:55,22.00, 71.60, 43.00
2025-02-13 16:13:57,22.00, 71.60, 43.00
2025-02-13 16:13:59,22.00, 71.60, 43.00
2025-02-13 16:14:01,22.00, 71.60, 43.00
2025-02-13 16:14:03,22.00, 71.60, 43.00
2025-02-13 16:14:05,22.00, 71.60, 43.00
2025-02-13 16:14:07,22.00, 71.60, 43.00
2025-02-13 16:14:09,22.00, 71.60, 43.00
2025-02-13 16:14:11,22.00, 71.60, 43.00
2025-02-13 16:14:13,22.00, 71.60, 43.00
2025-02-13 16:14:15,22.00, 71.60, 43.00
2025-02-13 16:14:17,22.00, 71.60, 43.00
2025-02-13 16:14:19,22.00, 71.60, 43.00
2025-02-13 16:14:21,22.00, 71.60, 43.00
2025-02-13 16:14:23,22.00, 71.60, 43.00
2025-02-13 16:14:25,22.00, 71.60, 43.00
2025-02-13 16:14:27,22.00, 71.60, 43.00
2025-02-13 16:14:29,22.00, 71.60, 44.00
2025-02-13 16:14:31,22.00, 71.60, 43.00
2025-02-13 16:14:33,22.00, 71.60, 43.00
2025-02-13 16:14:35,22.00, 71.60, 43.00
2025-02-13 16:14:37,22.00, 71.60, 43.00
2025-02-13 16:14:39,22.00, 71.60, 43.00
2025-02-13 16:14:41,22.00, 71.60, 44.00
2025-02-13 16:14:43,22.00, 71.60, 43.00
2025-02-13 16:14:45,22.00, 71.60, 43.00
2025-02-13 16:14:47,22.00, 71.60, 43.00
2025-02-13 16:14:49,22.00, 71.60, 43.00
2025-02-13 16:14:51,22.00, 71.60, 43.00
2025-02-13 16:14:53,22.00, 71.60, 43.00
2025-02-13 16:14:55,22.00, 71.60, 43.00
